<?xml version = "1.0" encoding = "utf-8"?>
<!DOCTYPE hibernate-configuration PUBLIC
        "-//Hibernate/Hibernate Configuration DTD 3.0//EN"
        "http://www.hibernate.org/dtd/hibernate-configuration-3.0.dtd">
<hibernate-configuration>
    <session-factory>
	 	<property name="hibernate.connection.driver_class">com.mysql.jdbc.Driver</property>
		<property name="hibernate.connection.url">jdbc:mysql://localhost:3306/hibernate_db</property>
		<property name="hibernate.connection.username">root</property>
		<property name="hibernate.connection.password">anju</property>
		<property name="hibernate.dialect">org.hibernate.dialect.MySQLDialect</property>
		<property name="show_sql">true</property>
		<property name="format_sql">true</property>
		<property name="hbm2ddl.auto">create-drop</property>
    	<mapping class="com.many.stock.Stock" />
    	<mapping class="com.many.stock.Category" />
    	
	</session-factory>
</hibernate-configuration>